{
	"id": "calendar-suite-env",
	"name": "Calendar Suite API - Local",
	"values": [
		{
			"key": "BASE_URL",
			"value": "http://localhost:8080",
			"type": "default",
			"enabled": true
		},
		{
			"key": "ACCESS_TOKEN",
			"value": "",
			"type": "secret",
			"enabled": true
		},
		{
			"key": "REFRESH_TOKEN",
			"value": "",
			"type": "secret",
			"enabled": true
		},
		{
			"key": "CALENDAR_ID",
			"value": "",
			"type": "default",
			"enabled": true
		},
		{
			"key": "EVENT_ID",
			"value": "",
			"type": "default",
			"enabled": true
		}
	],
	"_postman_variable_scope": "environment"
}






