{
  "info": {
    "_postman_id": "calendar-suite-api",
    "name": "Calendar Suite API",
    "description": "Calendar Suite API Collection",
    "schema": "https://schema.getpostman.com/json/collection/v2.1.0/collection.json"
  },
  "item": [
    {
      "name": "Auth",
      "item": [
        {
          "name": "Signup",
          "event": [
            {
              "listen": "test",
              "script": {
                "exec": [
                  "pm.test(\"Status code is 201\", function () {",
                  "    pm.response.to.have.status(201);",
                  "});",
                  "",
                  "pm.test(\"Response has access_token\", function () {",
                  "    var jsonData = pm.response.json();",
                  "    pm.expect(jsonData).to.have.property('access_token');",
                  "    pm.environment.set('ACCESS_TOKEN', jsonData.access_token);",
                  "});",
                  "",
                  "pm.test(\"Response has refresh_token\", function () {",
                  "    var jsonData = pm.response.json();",
                  "    pm.expect(jsonData).to.have.property('refresh_token');",
                  "    pm.environment.set('REFRESH_TOKEN', jsonData.refresh_token);",
                  "}"
                ],
                "type": "text/javascript"
              }
            },
            {
              "listen": "prerequest",
              "script": {
                "type": "text/javascript",
                "exec": [
                  "const ts = Date.now();",
                  "pm.environment.set(\"EMAIL\", `user_${ts}@example.com`);",
                  "pm.environment.set(\"PASSWORD\", \"password123\");",
                  "pm.environment.set(\"DISPLAY_NAME\", `User ${ts}`);"
                ]
              }
            }
          ],
          "request": {
            "method": "POST",
            "header": [
              {
                "key": "Content-Type",
                "value": "application/json"
              }
            ],
            "body": {
              "mode": "raw",
              "raw": "{\n    \"email\": \"{{EMAIL}}\",\n    \"password\": \"{{PASSWORD}}\",\n    \"display_name\": \"{{DISPLAY_NAME}}\"\n}"
            },
            "url": {
              "raw": "{{BASE_URL}}/api/v1/auth/signup",
              "host": [
                "{{BASE_URL}}"
              ],
              "path": [
                "api",
                "v1",
                "auth",
                "signup"
              ]
            }
          }
        },
        {
          "name": "Login",
          "event": [
            {
              "listen": "test",
              "script": {
                "exec": [
                  "pm.test(\"Status code is 200\", function () {",
                  "    pm.response.to.have.status(200);",
                  "});",
                  "",
                  "pm.test(\"Save tokens\", function () {",
                  "    var jsonData = pm.response.json();",
                  "    if (jsonData.access_token) {",
                  "        pm.environment.set('ACCESS_TOKEN', jsonData.access_token);",
                  "    }",
                  "    if (jsonData.refresh_token) {",
                  "        pm.environment.set('REFRESH_TOKEN', jsonData.refresh_token);",
                  "    }",
                  "});"
                ],
                "type": "text/javascript"
              }
            },
            {
              "listen": "prerequest",
              "script": {
                "type": "text/javascript",
                "exec": [
                  "if (!pm.environment.get(\"EMAIL\") || !pm.environment.get(\"PASSWORD\")) {",
                  "    pm.environment.set(\"EMAIL\", \"test@example.com\");",
                  "    pm.environment.set(\"PASSWORD\", \"password123\");",
                  "}"
                ]
              }
            }
          ],
          "request": {
            "method": "POST",
            "header": [
              {
                "key": "Content-Type",
                "value": "application/json"
              }
            ],
            "body": {
              "mode": "raw",
              "raw": "{\n    \"email\": \"{{EMAIL}}\",\n    \"password\": \"{{PASSWORD}}\"\n}"
            },
            "url": {
              "raw": "{{BASE_URL}}/api/v1/auth/login",
              "host": [
                "{{BASE_URL}}"
              ],
              "path": [
                "api",
                "v1",
                "auth",
                "login"
              ]
            }
          }
        },
        {
          "name": "Refresh Token",
          "event": [
            {
              "listen": "test",
              "script": {
                "exec": [
                  "pm.test(\"Status code is 200\", function () {",
                  "    pm.response.to.have.status(200);",
                  "});",
                  "",
                  "pm.test(\"Update tokens\", function () {",
                  "    var jsonData = pm.response.json();",
                  "    if (jsonData.access_token) {",
                  "        pm.environment.set('ACCESS_TOKEN', jsonData.access_token);",
                  "    }",
                  "    if (jsonData.refresh_token) {",
                  "        pm.environment.set('REFRESH_TOKEN', jsonData.refresh_token);",
                  "    }",
                  "});"
                ],
                "type": "text/javascript"
              }
            }
          ],
          "request": {
            "method": "POST",
            "header": [
              {
                "key": "Content-Type",
                "value": "application/json"
              }
            ],
            "body": {
              "mode": "raw",
              "raw": "{\n    \"refresh_token\": \"{{REFRESH_TOKEN}}\"\n}"
            },
            "url": {
              "raw": "{{BASE_URL}}/api/v1/auth/refresh",
              "host": [
                "{{BASE_URL}}"
              ],
              "path": [
                "api",
                "v1",
                "auth",
                "refresh"
              ]
            }
          }
        },
        {
          "name": "Logout",
          "event": [
            {
              "listen": "test",
              "script": {
                "exec": [
                  "pm.test(\"Status code is 200\", function () {",
                  "    pm.response.to.have.status(200);",
                  "});"
                ],
                "type": "text/javascript"
              }
            }
          ],
          "request": {
            "method": "POST",
            "header": [
              {
                "key": "Authorization",
                "value": "Bearer {{ACCESS_TOKEN}}"
              }
            ],
            "url": {
              "raw": "{{BASE_URL}}/api/v1/auth/logout",
              "host": [
                "{{BASE_URL}}"
              ],
              "path": [
                "api",
                "v1",
                "auth",
                "logout"
              ]
            }
          }
        },
        {
          "name": "Get Me",
          "event": [
            {
              "listen": "test",
              "script": {
                "exec": [
                  "pm.test(\"Status code is 200\", function () {",
                  "    pm.response.to.have.status(200);",
                  "});",
                  "",
                  "pm.test(\"Response has user info\", function () {",
                  "    var jsonData = pm.response.json();",
                  "    pm.expect(jsonData).to.have.property('id');",
                  "    pm.expect(jsonData).to.have.property('email');",
                  "});"
                ],
                "type": "text/javascript"
              }
            }
          ],
          "request": {
            "method": "GET",
            "header": [
              {
                "key": "Authorization",
                "value": "Bearer {{ACCESS_TOKEN}}"
              }
            ],
            "url": {
              "raw": "{{BASE_URL}}/api/v1/users/me",
              "host": [
                "{{BASE_URL}}"
              ],
              "path": [
                "api",
                "v1",
                "users",
                "me"
              ]
            }
          }
        }
      ]
    },
    {
      "name": "Calendars",
      "item": [
        {
          "name": "Create Calendar",
          "event": [
            {
              "listen": "test",
              "script": {
                "exec": [
                  "pm.test(\"Status code is 201\", function () {",
                  "    pm.response.to.have.status(201);",
                  "});",
                  "",
                  "pm.test(\"Save calendar ID\", function () {",
                  "    var jsonData = pm.response.json();",
                  "    if (jsonData.id) {",
                  "        pm.environment.set('CALENDAR_ID', jsonData.id);",
                  "    }",
                  "});"
                ],
                "type": "text/javascript"
              }
            },
            {
              "listen": "prerequest",
              "script": {
                "type": "text/javascript",
                "exec": [
                  "const ts = Date.now();",
                  "pm.environment.set(\"CALENDAR_TITLE\", `My Calendar ${ts}`);",
                  "pm.environment.set(\"CALENDAR_DESC\", \"Test calendar\");",
                  "pm.environment.set(\"CALENDAR_COLOR\", \"#FF0000\");"
                ]
              }
            }
          ],
          "request": {
            "method": "POST",
            "header": [
              {
                "key": "Authorization",
                "value": "Bearer {{ACCESS_TOKEN}}"
              },
              {
                "key": "Content-Type",
                "value": "application/json"
              }
            ],
            "body": {
              "mode": "raw",
              "raw": "{\n    \"title\": \"{{CALENDAR_TITLE}}\",\n    \"description\": \"{{CALENDAR_DESC}}\",\n    \"color\": \"{{CALENDAR_COLOR}}\"\n}"
            },
            "url": {
              "raw": "{{BASE_URL}}/api/v1/calendars",
              "host": [
                "{{BASE_URL}}"
              ],
              "path": [
                "api",
                "v1",
                "calendars"
              ]
            }
          }
        },
        {
          "name": "Get Calendars",
          "request": {
            "method": "GET",
            "header": [
              {
                "key": "Authorization",
                "value": "Bearer {{ACCESS_TOKEN}}"
              }
            ],
            "url": {
              "raw": "{{BASE_URL}}/api/v1/calendars?page=0&size=20",
              "host": [
                "{{BASE_URL}}"
              ],
              "path": [
                "api",
                "v1",
                "calendars"
              ],
              "query": [
                {
                  "key": "page",
                  "value": "0"
                },
                {
                  "key": "size",
                  "value": "20"
                }
              ]
            }
          }
        },
        {
          "name": "Get Calendar",
          "request": {
            "method": "GET",
            "header": [
              {
                "key": "Authorization",
                "value": "Bearer {{ACCESS_TOKEN}}"
              }
            ],
            "url": {
              "raw": "{{BASE_URL}}/api/v1/calendars/{{CALENDAR_ID}}",
              "host": [
                "{{BASE_URL}}"
              ],
              "path": [
                "api",
                "v1",
                "calendars",
                "{{CALENDAR_ID}}"
              ]
            }
          }
        },
        {
          "name": "Update Calendar",
          "request": {
            "method": "PUT",
            "header": [
              {
                "key": "Authorization",
                "value": "Bearer {{ACCESS_TOKEN}}"
              },
              {
                "key": "Content-Type",
                "value": "application/json"
              }
            ],
            "body": {
              "mode": "raw",
              "raw": "{\n    \"title\": \"Updated Calendar\"\n}"
            },
            "url": {
              "raw": "{{BASE_URL}}/api/v1/calendars/{{CALENDAR_ID}}",
              "host": [
                "{{BASE_URL}}"
              ],
              "path": [
                "api",
                "v1",
                "calendars",
                "{{CALENDAR_ID}}"
              ]
            }
          }
        },
        {
          "name": "Delete Calendar",
          "request": {
            "method": "DELETE",
            "header": [
              {
                "key": "Authorization",
                "value": "Bearer {{ACCESS_TOKEN}}"
              }
            ],
            "url": {
              "raw": "{{BASE_URL}}/api/v1/calendars/{{CALENDAR_ID}}",
              "host": [
                "{{BASE_URL}}"
              ],
              "path": [
                "api",
                "v1",
                "calendars",
                "{{CALENDAR_ID}}"
              ]
            }
          }
        }
      ]
    },
    {
      "name": "Events",
      "item": [
        {
          "name": "Create Event",
          "event": [
            {
              "listen": "test",
              "script": {
                "exec": [
                  "pm.test(\"Status code is 201\", function () {",
                  "    pm.response.to.have.status(201);",
                  "});",
                  "",
                  "pm.test(\"Save event ID\", function () {",
                  "    var jsonData = pm.response.json();",
                  "    if (jsonData.id) {",
                  "        pm.environment.set('EVENT_ID', jsonData.id);",
                  "    }",
                  "});"
                ],
                "type": "text/javascript"
              }
            },
            {
              "listen": "prerequest",
              "script": {
                "type": "text/javascript",
                "exec": [
                  "const now = new Date();",
                  "const start = new Date(now.getTime() + 60 * 60 * 1000);",
                  "const end = new Date(now.getTime() + 2 * 60 * 60 * 1000);",
                  "pm.environment.set(\"EVENT_TITLE\", `Event ${now.getTime()}`);",
                  "pm.environment.set(\"EVENT_START\", start.toISOString());",
                  "pm.environment.set(\"EVENT_END\", end.toISOString());"
                ]
              }
            }
          ],
          "request": {
            "method": "POST",
            "header": [
              {
                "key": "Authorization",
                "value": "Bearer {{ACCESS_TOKEN}}"
              },
              {
                "key": "Content-Type",
                "value": "application/json"
              }
            ],
            "body": {
              "mode": "raw",
              "raw": "{\n    \"calendar_id\": \"{{CALENDAR_ID}}\",\n    \"title\": \"{{EVENT_TITLE}}\",\n    \"start_at\": \"{{EVENT_START}}\",\n    \"end_at\": \"{{EVENT_END}}\",\n    \"is_all_day\": false\n}"
            },
            "url": {
              "raw": "{{BASE_URL}}/api/v1/events",
              "host": [
                "{{BASE_URL}}"
              ],
              "path": [
                "api",
                "v1",
                "events"
              ]
            }
          }
        },
        {
          "name": "Get Events",
          "request": {
            "method": "GET",
            "header": [
              {
                "key": "Authorization",
                "value": "Bearer {{ACCESS_TOKEN}}"
              }
            ],
            "url": {
              "raw": "{{BASE_URL}}/api/v1/events?page=0&size=20",
              "host": [
                "{{BASE_URL}}"
              ],
              "path": [
                "api",
                "v1",
                "events"
              ],
              "query": [
                {
                  "key": "page",
                  "value": "0"
                },
                {
                  "key": "size",
                  "value": "20"
                }
              ]
            }
          }
        }
      ]
    },
    {
      "name": "Admin",
      "item": [
        {
          "name": "Get All Users",
          "event": [
            {
              "listen": "test",
              "script": {
                "exec": [
                  "pm.test(\"Status code is 200\", function () {",
                  "    pm.response.to.have.status(200);",
                  "});",
                  "",
                  "pm.test(\"Response is array\", function () {",
                  "    pm.expect(pm.response.json()).to.be.an('array');",
                  "});"
                ],
                "type": "text/javascript"
              }
            }
          ],
          "request": {
            "method": "GET",
            "header": [
              {
                "key": "Authorization",
                "value": "Bearer {{ACCESS_TOKEN}}"
              }
            ],
            "url": {
              "raw": "{{BASE_URL}}/api/v1/admin/users",
              "host": [
                "{{BASE_URL}}"
              ],
              "path": [
                "api",
                "v1",
                "admin",
                "users"
              ]
            }
          }
        },
        {
          "name": "Update User Role",
          "request": {
            "method": "PATCH",
            "header": [
              {
                "key": "Authorization",
                "value": "Bearer {{ACCESS_TOKEN}}"
              },
              {
                "key": "Content-Type",
                "value": "application/json"
              }
            ],
            "body": {
              "mode": "raw",
              "raw": "{\n    \"new_role\": \"ADMIN\"\n}"
            },
            "url": {
              "raw": "{{BASE_URL}}/api/v1/admin/users/:user_id/role",
              "host": [
                "{{BASE_URL}}"
              ],
              "path": [
                "api",
                "v1",
                "admin",
                "users",
                ":user_id",
                "role"
              ],
              "variable": [
                {
                  "key": "user_id",
                  "value": ""
                }
              ]
            }
          }
        },
        {
          "name": "Ban User",
          "request": {
            "method": "POST",
            "header": [
              {
                "key": "Authorization",
                "value": "Bearer {{ACCESS_TOKEN}}"
              },
              {
                "key": "Content-Type",
                "value": "application/json"
              }
            ],
            "body": {
              "mode": "raw",
              "raw": "{\n    \"reason\": \"Violation of terms\"\n}"
            },
            "url": {
              "raw": "{{BASE_URL}}/api/v1/admin/users/:user_id/ban",
              "host": [
                "{{BASE_URL}}"
              ],
              "path": [
                "api",
                "v1",
                "admin",
                "users",
                ":user_id",
                "ban"
              ],
              "variable": [
                {
                  "key": "user_id",
                  "value": ""
                }
              ]
            }
          }
        },
        {
          "name": "Deactivate User",
          "request": {
            "method": "POST",
            "header": [
              {
                "key": "Authorization",
                "value": "Bearer {{ACCESS_TOKEN}}"
              },
              {
                "key": "Content-Type",
                "value": "application/json"
              }
            ],
            "body": {
              "mode": "raw",
              "raw": "{\n    \"reason\": \"Account deactivation\"\n}"
            },
            "url": {
              "raw": "{{BASE_URL}}/api/v1/admin/users/:user_id/deactivate",
              "host": [
                "{{BASE_URL}}"
              ],
              "path": [
                "api",
                "v1",
                "admin",
                "users",
                ":user_id",
                "deactivate"
              ],
              "variable": [
                {
                  "key": "user_id",
                  "value": ""
                }
              ]
            }
          }
        }
      ]
    },
    {
      "name": "Stats",
      "item": [
        {
          "name": "Get Daily Stats",
          "event": [
            {
              "listen": "test",
              "script": {
                "exec": [
                  "pm.test(\"Status code is 200\", function () {",
                  "    pm.response.to.have.status(200);",
                  "});",
                  "",
                  "pm.test(\"Response is array\", function () {",
                  "    pm.expect(pm.response.json()).to.be.an('array');",
                  "});"
                ],
                "type": "text/javascript"
              }
            },
            {
              "listen": "prerequest",
              "script": {
                "type": "text/javascript",
                "exec": [
                  "pm.environment.set(\"STATS_DAYS\", \"7\");"
                ]
              }
            }
          ],
          "request": {
            "method": "GET",
            "header": [
              {
                "key": "Authorization",
                "value": "Bearer {{ACCESS_TOKEN}}"
              }
            ],
            "url": {
              "raw": "{{BASE_URL}}/api/v1/stats/daily?days={{STATS_DAYS}}",
              "host": [
                "{{BASE_URL}}"
              ],
              "path": [
                "api",
                "v1",
                "stats",
                "daily"
              ],
              "query": [
                {
                  "key": "days",
                  "value": "{{STATS_DAYS}}"
                }
              ]
            }
          }
        },
        {
          "name": "Get Top Calendars",
          "request": {
            "method": "GET",
            "header": [
              {
                "key": "Authorization",
                "value": "Bearer {{ACCESS_TOKEN}}"
              }
            ],
            "url": {
              "raw": "{{BASE_URL}}/api/v1/stats/top-calendars?limit=10",
              "host": [
                "{{BASE_URL}}"
              ],
              "path": [
                "api",
                "v1",
                "stats",
                "top-calendars"
              ],
              "query": [
                {
                  "key": "limit",
                  "value": "10"
                }
              ]
            }
          }
        },
        {
          "name": "Get Stats Summary",
          "request": {
            "method": "GET",
            "header": [
              {
                "key": "Authorization",
                "value": "Bearer {{ACCESS_TOKEN}}"
              }
            ],
            "url": {
              "raw": "{{BASE_URL}}/api/v1/stats/summary",
              "host": [
                "{{BASE_URL}}"
              ],
              "path": [
                "api",
                "v1",
                "stats",
                "summary"
              ]
            }
          }
        }
      ]
    }
  ],
  "event": [
    {
      "listen": "prerequest",
      "script": {
        "type": "text/javascript",
        "exec": [
          "// Auto-inject token if available",
          "if (pm.environment.get('ACCESS_TOKEN')) {",
          "    pm.request.headers.add({",
          "        key: 'Authorization',",
          "        value: 'Bearer ' + pm.environment.get('ACCESS_TOKEN')",
          "    });",
          "}"
        ]
      }
    }
  ],
  "variable": [
    {
      "key": "BASE_URL",
      "value": "http://localhost:8080"
    },
    {
      "key": "ACCESS_TOKEN",
      "value": ""
    },
    {
      "key": "REFRESH_TOKEN",
      "value": ""
    }
  ]
}


